metric,value
accuracy,0.84125
precision,0.8347613219094248
recall,0.8514357053682896
f1,0.8430160692212608
roc_auc,0.9222280034812554
