antecedents,consequents,antecedent support,consequent support,support,confidence,lift,representativity,leverage,conviction,zhangs_metric,jaccard,certainty,kulczynski
"frozenset({'sweetness=high', 'ripeness=high', 'size=medium', 'acidity=high'})",frozenset({'quality=Good'}),0.07216108054027014,0.5007503751875938,0.06903451725862932,0.9566724436741768,1.910477737167512,1.0,0.03289982910414687,11.522681340670344,0.5136351826782389,0.1370067014147431,0.9132146441930655,0.5472672907681573
"frozenset({'size=high', 'ripeness=high', 'sweetness=high'})",frozenset({'quality=Good'}),0.0644072036018009,0.5007503751875938,0.061030515257628815,0.9475728155339807,1.8923057524999274,1.0,0.028778583889243273,9.522724325125537,0.5040057763821353,0.12106177127263708,0.8949880343210694,0.5347254687060513
"frozenset({'size=high', 'sweetness=high'})",frozenset({'quality=Good'}),0.07103551775887944,0.5007503751875938,0.06678339169584792,0.9401408450704225,1.877464085210564,1.0,0.03121232952644406,8.340405496866076,0.5031049637065138,0.13224368499257058,0.8801017528013774,0.536753739218528
"frozenset({'size=medium', 'sweetness=high', 'acidity=high'})",frozenset({'quality=Good'}),0.09167083541770886,0.5007503751875938,0.08329164582291146,0.9085948158253752,1.8144665702646603,1.0,0.037387440593733584,5.461939925186473,0.49417529880148625,0.1635961680176861,0.8169148665680611,0.5374642410795207
"frozenset({'size=medium', 'ripeness=high', 'sweetness=high'})",frozenset({'quality=Good'}),0.09617308654327164,0.5007503751875938,0.08716858429214608,0.9063719115734721,1.810027423811559,1.0,0.03900987512265387,5.332263353899174,0.49514146595571873,0.17100098135426892,0.8124623759873454,0.5402239178246981
